{
  "success_rate": 1,
  "accuracy": 0.7829294419827592,
  "relevance": 0.8012615601410115,
  "citation_quality": 0.28613333333333335,
  "response_time": 3111
}